<?xml version="1.0" encoding="UTF-8" ?><GUIDE><INFO><AUTHORS><AUTHOR><NAME>Anonymous</NAME></AUTHOR></AUTHORS><AUTHORID>45</AUTHORID><TOOL>A2J</TOOL><TOOLVERSION>2012-04-19</TOOLVERSION><AVATAR>avatar1</AVATAR><AVATARSKINTONE>light</AVATARSKINTONE><AVATARHAIRCOLOR>grayLight</AVATARHAIRCOLOR><DESCRIPTION>This is a description of my interview.</DESCRIPTION><EMAILCONTACT>mike@bitovi.com</EMAILCONTACT><JURISDICTION>Jurisdiction of my interview</JURISDICTION><LANGUAGE>en</LANGUAGE><NOTES>10/16/2019 interview created.</NOTES><SENDFEEDBACK>true</SENDFEEDBACK><SUBJECTAREA>Jurisdiction of my interview</SUBJECTAREA><TITLE>2019 A Mapper Adventure</TITLE><VERSION>10/16/2019</VERSION><VIEWER>A2J</VIEWER><FIRSTPAGE>1-Introduction 1</FIRSTPAGE><EXITPAGE>3-Here's your fee 2 2 2</EXITPAGE></INFO><PAGES><PAGE NAME="3-Here's your fee 2" TYPE="A2J" MAPX="157" MAPY="339" STEP="3" NESTED="false"><TEXT>My text</TEXT><BUTTONS><BUTTON NEXT="3-Here's your fee 2 2"><LABEL>Continue</LABEL></BUTTON><BUTTON NEXT="2-What do you do now?"><LABEL>Button 2</LABEL></BUTTON><BUTTON><LABEL>Button 3</LABEL></BUTTON></BUTTONS><FIELDS><FIELD TYPE="datemdy" REQUIRED="false" CALCULATOR="false"><LABEL>Label</LABEL></FIELD></FIELDS></PAGE><PAGE NAME="3-Here's your fee 2 2" TYPE="A2J" MAPX="745" MAPY="255" STEP="3" NESTED="false"><TEXT>My text</TEXT><BUTTONS><BUTTON NEXT="3-Here's your fee, but with a really long title for the page"><LABEL>Continue</LABEL></BUTTON></BUTTONS></PAGE><PAGE NAME="3-Here's your fee 2 2 2" TYPE="A2J" MAPX="650" MAPY="111" STEP="4" NESTED="false"><TEXT>My text</TEXT><BUTTONS><BUTTON><LABEL>Continue</LABEL></BUTTON></BUTTONS></PAGE><PAGE NAME="2-What do you do now?" TYPE="A2J" MAPX="686" MAPY="325" STEP="2" NESTED="false"><TEXT>My text</TEXT><BUTTONS><BUTTON NEXT="3-Here's your fille"><LABEL>Continue</LABEL></BUTTON><BUTTON NEXT="3-Here's your fee 2 2"><LABEL>Button 2</LABEL></BUTTON></BUTTONS><FIELDS><FIELD TYPE="number" REQUIRED="false" CALCULATOR="false"><LABEL>Label</LABEL></FIELD><FIELD TYPE="numberdollar" REQUIRED="false" CALCULATOR="false"><LABEL>Label</LABEL></FIELD></FIELDS></PAGE><PAGE NAME="1-So much fun" TYPE="A2J" MAPX="120" MAPY="704" STEP="1" NESTED="false"><TEXT><P><FONT>Text of my first question goes here.</FONT></P></TEXT><BUTTONS><BUTTON NEXT="2-What do you do now?"><LABEL>Save</LABEL></BUTTON><BUTTON><LABEL>Button 2</LABEL></BUTTON></BUTTONS><FIELDS><FIELD TYPE="text" REQUIRED="false" CALCULATOR="false"><LABEL>Label</LABEL></FIELD></FIELDS></PAGE><PAGE NAME="3-Gender" TYPE="A2J" MAPX="896" MAPY="744" STEP="0" NESTED="false"><TEXT>Choose your gender.</TEXT><BUTTONS><BUTTON NEXT="1-So much fun"><LABEL>Continue</LABEL></BUTTON></BUTTONS><FIELDS><FIELD TYPE="gender" REQUIRED="true" CALCULATOR="false"><LABEL>Gender:</LABEL><NAME>User Gender</NAME></FIELD></FIELDS></PAGE><PAGE NAME="2-Name Game" TYPE="A2J" MAPX="477" MAPY="110" STEP="0" NESTED="false"><TEXT><p>Enter your name.</p>
</TEXT><BUTTONS><BUTTON NEXT="3-Gender"><LABEL>Continue</LABEL></BUTTON><BUTTON NEXT="3-Here's your fille"><LABEL>Button 3</LABEL></BUTTON><BUTTON NEXT="3-Here's your fee, but with a really long title for the page"><LABEL>Button 3</LABEL></BUTTON></BUTTONS><FIELDS><FIELD TYPE="text" ORDER="ASC" REQUIRED="true" CALCULATOR="false"><LABEL>First:</LABEL><NAME>Client first name TE</NAME></FIELD></FIELDS></PAGE><PAGE NAME="3-Here's your fee, but with a really long title for the page" TYPE="A2J" MAPX="538" MAPY="17" STEP="3" NESTED="false"><TEXT>My text</TEXT><BUTTONS><BUTTON NEXT="3-Here's your fee 2 2 2"><LABEL>Continue</LABEL></BUTTON></BUTTONS></PAGE><PAGE NAME="3-Here's your fille" TYPE="A2J" MAPX="1" MAPY="668" STEP="2" NESTED="false"><TEXT>My text</TEXT><BUTTONS><BUTTON><LABEL>Continue</LABEL></BUTTON></BUTTONS><FIELDS><FIELD TYPE="datemdy" REQUIRED="false" CALCULATOR="false"><LABEL>Label</LABEL></FIELD></FIELDS></PAGE><PAGE NAME="New Page" TYPE="A2J" MAPX="443" MAPY="657" STEP="4" NESTED="false"><TEXT>My text</TEXT><BUTTONS><BUTTON><LABEL>Continue</LABEL></BUTTON></BUTTONS></PAGE><PAGE NAME="New Page 2" TYPE="A2J" MAPX="912" MAPY="786" STEP="4" NESTED="false"><TEXT>My text</TEXT><BUTTONS><BUTTON><LABEL>Continue</LABEL></BUTTON></BUTTONS></PAGE><PAGE NAME="1-Introduction 1" TYPE="A2J" MAPX="805" MAPY="548" STEP="0" NESTED="false"><TEXT><p>This is the introduction. <strong><em>yes</em></strong> it is show me<a href="http://google.com"> google.com</a></p>

<p>This is a new line</p>
</TEXT><TEXTAUDIO>welcome.mp3</TEXTAUDIO><LEARN>get help</LEARN><HELP><p>some text</p>
</HELP><HELPAUDIO>welcome.mp3</HELPAUDIO><HELPREADER><p>closeup of training entering station</p>
</HELPREADER><HELPIMAGE>a2jlogo.png</HELPIMAGE><HELPALTTEXT>image of the a2j logo</HELPALTTEXT><HELPVIDEO>station.mp4</HELPVIDEO><BUTTONS><BUTTON NEXT="2-Name Game"><LABEL>Continue</LABEL></BUTTON></BUTTONS><FIELDS><FIELD TYPE="textlong" REQUIRED="false" CALCULATOR="false"><LABEL><p>tell me a long story</p></LABEL><NAME>Client middle name TE</NAME></FIELD><FIELD TYPE="datemdy" REQUIRED="false" CALCULATOR="false"><LABEL><p>enter birthday</p></LABEL><NAME>date</NAME><SAMPLE>04/01/1999</SAMPLE></FIELD><FIELD TYPE="number" REQUIRED="false" CALCULATOR="true"><LABEL><p>calculate something</p></LABEL><NAME>num</NAME></FIELD><FIELD TYPE="numberdollar" REQUIRED="false" CALCULATOR="true"><LABEL><p>dollar dollar bills</p></LABEL><NAME>num</NAME></FIELD><FIELD TYPE="text" REQUIRED="false" CALCULATOR="false"><LABEL><p>testing spacing with this text </p></LABEL><NAME>Client last name TE</NAME></FIELD></FIELDS></PAGE></PAGES><STEPS><STEP NUMBER="0"><TEXT>ACCESS TO JUSTICE</TEXT></STEP><STEP NUMBER="1"><TEXT>DO YOU QUALIFY?</TEXT></STEP><STEP NUMBER="2"><TEXT>DO YOU AGREE?</TEXT></STEP><STEP NUMBER="3"><TEXT>YOUR INFORMATION</TEXT></STEP><STEP NUMBER="4"><TEXT>EXPLORE MAPS</TEXT></STEP><STEP NUMBER="5"><TEXT>CARTOGRAPHY 101</TEXT></STEP><STEP NUMBER="6"><TEXT>BRAVISIMO</TEXT></STEP><STEP NUMBER="7"><TEXT>HIGH SEPTUM</TEXT></STEP></STEPS><VARIABLES><VARIABLE NAME="User Gender" TYPE="MC" COMMENT="User's gender will be used to display appopriate avatar."/><VARIABLE NAME="User Avatar" TYPE="Text"/><VARIABLE NAME="Client first name TE" TYPE="Text"/><VARIABLE NAME="Client middle name TE" TYPE="Text"/><VARIABLE NAME="Client last name TE" TYPE="Text"/><VARIABLE NAME="A2J Version" TYPE="Text" COMMENT="A2J Author Version"/><VARIABLE NAME="A2J Interview ID" TYPE="Text" COMMENT="Guide ID"/><VARIABLE NAME="A2J Bookmark" TYPE="Text" COMMENT="Current Page"/><VARIABLE NAME="A2J History" TYPE="Text" COMMENT="Progress History List (XML)"/><VARIABLE NAME="A2J Interview Incomplete TF" TYPE="TF" COMMENT="Reached Successful Exit?"/><VARIABLE NAME="A2J Step 0" TYPE="Text"/><VARIABLE NAME="A2J Step 1" TYPE="Text"/><VARIABLE NAME="A2J Step 2" TYPE="Text"/><VARIABLE NAME="A2J Step 3" TYPE="Text"/><VARIABLE NAME="A2J Step 4" TYPE="Text"/><VARIABLE NAME="A2J Step 5" TYPE="Text"/><VARIABLE NAME="A2J Step 6" TYPE="Text"/><VARIABLE NAME="A2J Step 7" TYPE="Text"/><VARIABLE NAME="A2J Step 8" TYPE="Text"/><VARIABLE NAME="A2J Step 9" TYPE="Text"/><VARIABLE NAME="A2J Step 10" TYPE="Text"/><VARIABLE NAME="A2J Step 11" TYPE="Text"/><VARIABLE NAME="A2J Step 12" TYPE="Text"/><VARIABLE NAME="num" TYPE="Number"/></VARIABLES></GUIDE>