{"authorId":45,"tool":"A2J","toolversion":"2012-04-19","avatar":"avatar1","avatarSkinTone":"light","avatarHairColor":"grayLight","guideGender":"","completionTime":"","copyrights":"","createdate":"","credits":"","description":"This is a description of my interview.","emailContact":"mike@bitovi.com","jurisdiction":"Jurisdiction of my interview","language":"en","modifydate":"","notes":"10/16/2019 interview created.","sendfeedback":true,"subjectarea":"Jurisdiction of my interview","title":"2019 A Mapper Adventure","version":"10/16/2019","viewer":"A2J","endImage":"","logoImage":"","authors":[{"name":"Anonymous","title":"","organization":"","email":""}],"firstPage":"1-Introduction 1","exitPage":"3-Here's your fee 2 2 2","steps":[{"number":"0","text":"ACCESS TO JUSTICE"},{"number":"1","text":"DO YOU QUALIFY?"},{"number":"2","text":"DO YOU AGREE?"},{"number":"3","text":"YOUR INFORMATION"},{"number":"4","text":"EXPLORE MAPS"},{"number":"5","text":"CARTOGRAPHY 101"},{"number":"6","text":"BRAVISIMO"},{"number":"7","text":"HIGH SEPTUM"}],"vars":{"user gender":{"name":"User Gender","type":"MC","repeating":false,"comment":"User's gender will be used to display appopriate avatar."},"user avatar":{"name":"User Avatar","type":"Text","repeating":false,"comment":""},"client first name te":{"name":"Client first name TE","type":"Text","repeating":false,"comment":""},"client middle name te":{"name":"Client middle name TE","type":"Text","repeating":false,"comment":""},"client last name te":{"name":"Client last name TE","type":"Text","repeating":false,"comment":""},"a2j version":{"name":"A2J Version","type":"Text","repeating":false,"comment":"A2J Author Version"},"a2j interview id":{"name":"A2J Interview ID","type":"Text","repeating":false,"comment":"Guide ID"},"a2j bookmark":{"name":"A2J Bookmark","type":"Text","repeating":false,"comment":"Current Page"},"a2j history":{"name":"A2J History","type":"Text","repeating":false,"comment":"Progress History List (XML)"},"a2j interview incomplete tf":{"name":"A2J Interview Incomplete TF","type":"TF","repeating":false,"comment":"Reached Successful Exit?"},"a2j step 0":{"name":"A2J Step 0","type":"Text","repeating":false,"comment":""},"a2j step 1":{"name":"A2J Step 1","type":"Text","repeating":false,"comment":""},"a2j step 2":{"name":"A2J Step 2","type":"Text","repeating":false,"comment":""},"a2j step 3":{"name":"A2J Step 3","type":"Text","repeating":false,"comment":""},"a2j step 4":{"name":"A2J Step 4","type":"Text","repeating":false,"comment":""},"a2j step 5":{"name":"A2J Step 5","type":"Text","repeating":false,"comment":""},"a2j step 6":{"name":"A2J Step 6","type":"Text","repeating":false,"comment":""},"a2j step 7":{"name":"A2J Step 7","type":"Text","repeating":false,"comment":""},"a2j step 8":{"name":"A2J Step 8","type":"Text","repeating":false,"comment":""},"a2j step 9":{"name":"A2J Step 9","type":"Text","repeating":false,"comment":""},"a2j step 10":{"name":"A2J Step 10","type":"Text","repeating":false,"comment":""},"a2j step 11":{"name":"A2J Step 11","type":"Text","repeating":false,"comment":""},"a2j step 12":{"name":"A2J Step 12","type":"Text","repeating":false,"comment":""},"num":{"name":"num","type":"Number","repeating":false,"comment":""}},"pages":{"3-Here's your fee 2":{"name":"3-Here's your fee 2","type":"A2J","step":3,"repeatVar":"","nested":false,"outerLoopVar":"","text":"My text","textCitation":"","textAudioURL":"","learn":"","help":"","helpCitation":"","helpMediaLabel":"","helpAudioURL":"","helpReader":"","helpImageURL":"","helpAltText":"","helpVideoURL":"","buttons":[{"label":"Continue","next":"3-Here's your fee 2 2","url":"","repeatVar":"","repeatVarSet":"","name":"","value":""},{"label":"Button 2","next":"2-What do you do now?","url":"","repeatVar":"","repeatVarSet":"","name":"","value":""},{"label":"Button 3","next":"","url":"","repeatVar":"","repeatVarSet":"","name":"","value":""}],"fields":[{"type":"datemdy","label":"Label","name":"","value":"","order":"","required":false,"min":"","max":"","calculator":false,"maxChars":"","listSrc":"","listData":"","sample":"","invalidPrompt":""}],"codeBefore":"","codeAfter":"","codeCitation":"","notes":""},"3-Here's your fee 2 2":{"name":"3-Here's your fee 2 2","type":"A2J","step":3,"repeatVar":"","nested":false,"outerLoopVar":"","text":"My text","textCitation":"","textAudioURL":"","learn":"","help":"","helpCitation":"","helpMediaLabel":"","helpAudioURL":"","helpReader":"","helpImageURL":"","helpAltText":"","helpVideoURL":"","buttons":[{"label":"Continue","next":"3-Here's your fee, but with a really long title for the page","url":"","repeatVar":"","repeatVarSet":"","name":"","value":""}],"fields":[],"codeBefore":"","codeAfter":"","codeCitation":"","notes":""},"3-Here's your fee 2 2 2":{"name":"3-Here's your fee 2 2 2","type":"A2J","step":4,"repeatVar":"","nested":false,"outerLoopVar":"","text":"My text","textCitation":"","textAudioURL":"","learn":"","help":"","helpCitation":"","helpMediaLabel":"","helpAudioURL":"","helpReader":"","helpImageURL":"","helpAltText":"","helpVideoURL":"","buttons":[{"label":"Continue","next":"","url":"","repeatVar":"","repeatVarSet":"","name":"","value":""}],"fields":[],"codeBefore":"","codeAfter":"","codeCitation":"","notes":""},"2-What do you do now?":{"name":"2-What do you do now?","type":"A2J","step":2,"repeatVar":"","nested":false,"outerLoopVar":"","text":"My text","textCitation":"","textAudioURL":"","learn":"","help":"","helpCitation":"","helpMediaLabel":"","helpAudioURL":"","helpReader":"","helpImageURL":"","helpAltText":"","helpVideoURL":"","buttons":[{"label":"Continue","next":"3-Here's your fille","url":"","repeatVar":"","repeatVarSet":"","name":"","value":""},{"label":"Button 2","next":"3-Here's your fee 2 2","url":"","repeatVar":"","repeatVarSet":"","name":"","value":""}],"fields":[{"type":"number","label":"Label","name":"","value":"","order":"","required":false,"min":"","max":"","calculator":false,"maxChars":"","listSrc":"","listData":"","sample":"","invalidPrompt":""},{"type":"numberdollar","label":"Label","name":"","value":"","order":"","required":false,"min":"","max":"","calculator":false,"maxChars":"","listSrc":"","listData":"","sample":"","invalidPrompt":""}],"codeBefore":"","codeAfter":"","codeCitation":"","notes":""},"1-So much fun":{"name":"1-So much fun","type":"A2J","step":1,"repeatVar":"","nested":false,"outerLoopVar":"","text":"<P><FONT>Text of my first question goes here.</FONT></P>","textCitation":"","textAudioURL":"","learn":"","help":"","helpCitation":"","helpMediaLabel":"","helpAudioURL":"","helpReader":"","helpImageURL":"","helpAltText":"","helpVideoURL":"","buttons":[{"label":"Save","next":"2-What do you do now?","url":"","repeatVar":"","repeatVarSet":"","name":"","value":""},{"label":"Button 2","next":"","url":"","repeatVar":"","repeatVarSet":"","name":"","value":""}],"fields":[{"type":"text","label":"Label","name":"","value":"","order":"","required":false,"min":"","max":"","calculator":false,"maxChars":"","listSrc":"","listData":"","sample":"","invalidPrompt":""}],"codeBefore":"","codeAfter":"","codeCitation":"","notes":""},"3-Gender":{"name":"3-Gender","type":"A2J","step":0,"repeatVar":"","nested":false,"outerLoopVar":"","text":"Choose your gender.","textCitation":"","textAudioURL":"","learn":"","help":"","helpCitation":"","helpMediaLabel":"","helpAudioURL":"","helpReader":"","helpImageURL":"","helpAltText":"","helpVideoURL":"","buttons":[{"label":"Continue","next":"1-So much fun","url":"","repeatVar":"","repeatVarSet":"","name":"","value":""}],"fields":[{"type":"gender","label":"Gender:","name":"User Gender","value":"","order":"","required":true,"min":"","max":"","calculator":false,"maxChars":"","listSrc":"","listData":"","sample":"","invalidPrompt":""}],"codeBefore":"","codeAfter":"","codeCitation":"","notes":""},"2-Name Game":{"name":"2-Name Game","type":"A2J","step":0,"repeatVar":"","nested":false,"outerLoopVar":"","text":"<p>Enter your name.</p>\n","textCitation":"","textAudioURL":"","learn":"","help":"","helpCitation":"","helpMediaLabel":"","helpAudioURL":"","helpReader":"","helpImageURL":"","helpAltText":"","helpVideoURL":"","buttons":[{"label":"Continue","next":"3-Gender","url":"","repeatVar":"","repeatVarSet":"","name":"","value":""},{"label":"Button 3","next":"3-Here's your fille","url":"","repeatVar":"","repeatVarSet":"","name":"","value":""},{"label":"Button 3","next":"3-Here's your fee, but with a really long title for the page","url":"","repeatVar":"","repeatVarSet":"","name":"","value":""}],"fields":[{"type":"text","label":"First:","name":"Client first name TE","value":"","order":"ASC","required":true,"min":"","max":"","calculator":false,"maxChars":"","listSrc":"","listData":"","sample":"","invalidPrompt":""}],"codeBefore":"","codeAfter":"","codeCitation":"","notes":""},"3-Here's your fee, but with a really long title for the page":{"name":"3-Here's your fee, but with a really long title for the page","type":"A2J","step":3,"repeatVar":"","nested":false,"outerLoopVar":"","text":"My text","textCitation":"","textAudioURL":"","learn":"","help":"","helpCitation":"","helpMediaLabel":"","helpAudioURL":"","helpReader":"","helpImageURL":"","helpAltText":"","helpVideoURL":"","buttons":[{"label":"Continue","next":"3-Here's your fee 2 2 2","url":"","repeatVar":"","repeatVarSet":"","name":"","value":""}],"fields":[],"codeBefore":"","codeAfter":"","codeCitation":"","notes":""},"3-Here's your fille":{"name":"3-Here's your fille","type":"A2J","step":2,"repeatVar":"","nested":false,"outerLoopVar":"","text":"My text","textCitation":"","textAudioURL":"","learn":"","help":"","helpCitation":"","helpMediaLabel":"","helpAudioURL":"","helpReader":"","helpImageURL":"","helpAltText":"","helpVideoURL":"","buttons":[{"label":"Continue","next":"","url":"","repeatVar":"","repeatVarSet":"","name":"","value":""}],"fields":[{"type":"datemdy","label":"Label","name":"","value":"","order":"","required":false,"min":"","max":"","calculator":false,"maxChars":"","listSrc":"","listData":"","sample":"","invalidPrompt":""}],"codeBefore":"","codeAfter":"","codeCitation":"","notes":""},"New Page":{"name":"New Page","type":"A2J","step":4,"repeatVar":"","nested":false,"outerLoopVar":"","text":"My text","textCitation":"","textAudioURL":"","learn":"","help":"","helpCitation":"","helpMediaLabel":"","helpAudioURL":"","helpReader":"","helpImageURL":"","helpAltText":"","helpVideoURL":"","buttons":[{"label":"Continue","next":"","url":"","repeatVar":"","repeatVarSet":"","name":"","value":""}],"fields":[],"codeBefore":"","codeAfter":"","codeCitation":"","notes":""},"New Page 2":{"name":"New Page 2","type":"A2J","step":4,"repeatVar":"","nested":false,"outerLoopVar":"","text":"My text","textCitation":"","textAudioURL":"","learn":"","help":"","helpCitation":"","helpMediaLabel":"","helpAudioURL":"","helpReader":"","helpImageURL":"","helpAltText":"","helpVideoURL":"","buttons":[{"label":"Continue","next":"","url":"","repeatVar":"","repeatVarSet":"","name":"","value":""}],"fields":[],"codeBefore":"","codeAfter":"","codeCitation":"","notes":""},"1-Introduction 1":{"name":"1-Introduction 1","type":"A2J","step":0,"repeatVar":"","nested":false,"outerLoopVar":"","text":"<p>This is the introduction. <strong><em>yes</em></strong> it is show me<a href=\"http://google.com\"> google.com</a></p>\n\n<p>This is a new line</p>\n","textCitation":"","textAudioURL":"welcome.mp3","learn":"get help","help":"<p>some text</p>\n","helpCitation":"","helpMediaLabel":"","helpAudioURL":"welcome.mp3","helpReader":"<p>closeup of training entering station</p>\n","helpImageURL":"a2jlogo.png","helpAltText":"image of the a2j logo","helpVideoURL":"station.mp4","buttons":[{"label":"Continue","next":"2-Name Game","url":"","repeatVar":"","repeatVarSet":"","name":"","value":""}],"fields":[{"type":"textlong","label":"<p>tell me a long story</p>","name":"Client middle name TE","value":"","order":"","required":false,"min":"","max":"","calculator":false,"maxChars":"","listSrc":"","listData":"","sample":"","invalidPrompt":""},{"type":"datemdy","label":"<p>enter birthday</p>","name":"date","value":"","order":"","required":false,"min":"","max":"","calculator":false,"maxChars":"","listSrc":"","listData":"","sample":"04/01/1999","invalidPrompt":""},{"type":"number","label":"<p>calculate something</p>","name":"num","value":"","order":"","required":false,"min":"","max":"","calculator":true,"maxChars":"","listSrc":"","listData":"","sample":"","invalidPrompt":""},{"type":"numberdollar","label":"<p>dollar dollar bills</p>","name":"num","value":"","order":"","required":false,"min":"","max":"","calculator":true,"maxChars":"","listSrc":"","listData":"","sample":"","invalidPrompt":""},{"type":"text","label":"<p>testing spacing with this text </p>","name":"Client last name TE","value":"","order":"","required":false,"min":"","max":"","calculator":false,"maxChars":"","listSrc":"","listData":"","sample":"","invalidPrompt":""}],"codeBefore":"","codeAfter":"","codeCitation":"","notes":""}}}