{
	"title": "Text Template",
	"active": true,
	"rootNode": {
		"id": "ckdw4i9qg00003h6fwnid7kvx",
		"tag": "a2j-template",
		"state": {},
		"children": [
			{
				"id": "ckdw4idel00013h6f5n45jjox",
				"tag": "a2j-rich-text",
				"state": {
					"notes": "",
					"userContent": "<p>Add some text...</p>\n"
				},
				"children": []
			},
			{
				"id": "ckdw4iiyj00023h6fmwuwpw2t",
				"tag": "a2j-rich-text",
				"state": {
					"notes": "",
					"userContent": "<p>Add some text...</p>\n"
				},
				"children": []
			}
		]
	},
	"header": "",
	"hideHeaderOnFirstPage": false,
	"footer": "",
	"hideFooterOnFirstPage": false,
	"createdAt": 1597523940828,
	"guideId": "1137",
	"templateId": 1,
	"updatedAt": 1597524106717
}