<?xml version="1.0" encoding="UTF-8" ?><GUIDE><INFO><AUTHORS><AUTHOR><NAME>Anonymous</NAME></AUTHOR></AUTHORS><AUTHORID>45</AUTHORID><TOOL>A2J</TOOL><TOOLVERSION>2012-04-19</TOOLVERSION><AVATAR>avatar1</AVATAR><DESCRIPTION>This is a description of my interview.</DESCRIPTION><JURISDICTION>Jurisdiction of my interview</JURISDICTION><LANGUAGE>en</LANGUAGE><NOTES>8/23/2020 interview created.</NOTES><SENDFEEDBACK>false</SENDFEEDBACK><SUBJECTAREA>Jurisdiction of my interview</SUBJECTAREA><TITLE>Aria Avatars</TITLE><VERSION>8/23/2020</VERSION><VIEWER>A2J</VIEWER><FIRSTPAGE>1-Introduction</FIRSTPAGE></INFO><PAGES><PAGE NAME="1-Introduction" TYPE="A2J" MAPX="60" MAPY="60" STEP="0" NESTED="false"><TEXT><P><FONT>This is the introduction.</FONT></P></TEXT><BUTTONS><BUTTON NEXT="2-Name"><LABEL>Continue</LABEL></BUTTON></BUTTONS><FIELDS><FIELD TYPE="useravatar" REQUIRED="false" CALCULATOR="false"><LABEL><p>Avatar Selection.</p>
</LABEL><NAME>User Avatar</NAME></FIELD></FIELDS></PAGE><PAGE NAME="2-Name" TYPE="A2J" MAPX="60" MAPY="300" STEP="0" NESTED="false"><TEXT><P><FONT>Enter your name.</FONT></P></TEXT><BUTTONS><BUTTON NEXT="3-Avatar"><LABEL>Continue</LABEL></BUTTON></BUTTONS><FIELDS><FIELD TYPE="text" ORDER="ASC" REQUIRED="true" CALCULATOR="false"><LABEL>First:</LABEL><NAME>Client first name TE</NAME></FIELD><FIELD TYPE="text" ORDER="ASC" REQUIRED="false" CALCULATOR="false"><LABEL>Middle:</LABEL><NAME>Client middle name TE</NAME></FIELD><FIELD TYPE="text" ORDER="ASC" REQUIRED="true" CALCULATOR="false"><LABEL>Last:</LABEL><NAME>Client last name TE</NAME></FIELD></FIELDS></PAGE><PAGE NAME="3-Avatar" TYPE="A2J" MAPX="60" MAPY="540" STEP="0" NESTED="false"><TEXT>Choose your avatar.</TEXT><BUTTONS><BUTTON NEXT="1-Question 1"><LABEL>Continue</LABEL></BUTTON></BUTTONS><FIELDS><FIELD TYPE="useravatar" REQUIRED="false" CALCULATOR="false"><LABEL>Avatar:</LABEL><NAME>User Avatar</NAME></FIELD></FIELDS></PAGE><PAGE NAME="1-Question 1" TYPE="A2J" MAPX="240" MAPY="60" STEP="1" NESTED="false"><TEXT><P><FONT>Text of my first question goes here.</FONT></P></TEXT><BUTTONS><BUTTON NEXT="SUCCESS"><LABEL>Save</LABEL></BUTTON></BUTTONS></PAGE></PAGES><STEPS><STEP NUMBER="0"><TEXT>ACCESS TO JUSTICE</TEXT></STEP><STEP NUMBER="1"><TEXT>DO YOU QUALIFY?</TEXT></STEP><STEP NUMBER="2"><TEXT>DO YOU AGREE?</TEXT></STEP><STEP NUMBER="3"><TEXT>YOUR INFORMATION</TEXT></STEP></STEPS><VARIABLES><VARIABLE NAME="User Gender" TYPE="MC"/><VARIABLE NAME="User Avatar" TYPE="Text" COMMENT="User Avatar will be used to display appropriate avatar."/><VARIABLE NAME="Client first name TE" TYPE="Text"/><VARIABLE NAME="Client middle name TE" TYPE="Text"/><VARIABLE NAME="Client last name TE" TYPE="Text"/><VARIABLE NAME="A2J Version" TYPE="Text" COMMENT="A2J Author Version"/><VARIABLE NAME="A2J Interview ID" TYPE="Text" COMMENT="Guide ID"/><VARIABLE NAME="A2J Bookmark" TYPE="Text" COMMENT="Current Page"/><VARIABLE NAME="A2J History" TYPE="Text" COMMENT="Progress History List (XML)"/><VARIABLE NAME="A2J Interview Incomplete TF" TYPE="TF" COMMENT="Reached Successful Exit?"/><VARIABLE NAME="A2J Step 0" TYPE="Text"/><VARIABLE NAME="A2J Step 1" TYPE="Text"/><VARIABLE NAME="A2J Step 2" TYPE="Text"/><VARIABLE NAME="A2J Step 3" TYPE="Text"/><VARIABLE NAME="A2J Step 4" TYPE="Text"/><VARIABLE NAME="A2J Step 5" TYPE="Text"/><VARIABLE NAME="A2J Step 6" TYPE="Text"/><VARIABLE NAME="A2J Step 7" TYPE="Text"/><VARIABLE NAME="A2J Step 8" TYPE="Text"/><VARIABLE NAME="A2J Step 9" TYPE="Text"/><VARIABLE NAME="A2J Step 10" TYPE="Text"/><VARIABLE NAME="A2J Step 11" TYPE="Text"/><VARIABLE NAME="A2J Step 12" TYPE="Text"/></VARIABLES></GUIDE>