{"authorId":45,"tool":"A2J","toolversion":"2012-04-19","avatar":"avatar1","avatarSkinTone":"","avatarHairColor":"","guideGender":"","completionTime":"","copyrights":"","createdate":"","credits":"","description":"This is a description of my interview.","emailContact":"","jurisdiction":"Jurisdiction of my interview","language":"en","modifydate":"","notes":"8/23/2020 interview created.","sendfeedback":false,"subjectarea":"Jurisdiction of my interview","title":"Aria Avatars","version":"8/23/2020","viewer":"A2J","endImage":"","logoImage":"","authors":[{"name":"Anonymous","title":"","organization":"","email":""}],"firstPage":"1-Introduction","exitPage":"","steps":[{"number":"0","text":"ACCESS TO JUSTICE"},{"number":"1","text":"DO YOU QUALIFY?"},{"number":"2","text":"DO YOU AGREE?"},{"number":"3","text":"YOUR INFORMATION"}],"vars":{"user gender":{"name":"User Gender","type":"MC","repeating":false,"comment":""},"user avatar":{"name":"User Avatar","type":"Text","repeating":false,"comment":"User Avatar will be used to display appropriate avatar."},"client first name te":{"name":"Client first name TE","type":"Text","repeating":false,"comment":""},"client middle name te":{"name":"Client middle name TE","type":"Text","repeating":false,"comment":""},"client last name te":{"name":"Client last name TE","type":"Text","repeating":false,"comment":""},"a2j version":{"name":"A2J Version","type":"Text","repeating":false,"comment":"A2J Author Version"},"a2j interview id":{"name":"A2J Interview ID","type":"Text","repeating":false,"comment":"Guide ID"},"a2j bookmark":{"name":"A2J Bookmark","type":"Text","repeating":false,"comment":"Current Page"},"a2j history":{"name":"A2J History","type":"Text","repeating":false,"comment":"Progress History List (XML)"},"a2j interview incomplete tf":{"name":"A2J Interview Incomplete TF","type":"TF","repeating":false,"comment":"Reached Successful Exit?"},"a2j step 0":{"name":"A2J Step 0","type":"Text","repeating":false,"comment":""},"a2j step 1":{"name":"A2J Step 1","type":"Text","repeating":false,"comment":""},"a2j step 2":{"name":"A2J Step 2","type":"Text","repeating":false,"comment":""},"a2j step 3":{"name":"A2J Step 3","type":"Text","repeating":false,"comment":""},"a2j step 4":{"name":"A2J Step 4","type":"Text","repeating":false,"comment":""},"a2j step 5":{"name":"A2J Step 5","type":"Text","repeating":false,"comment":""},"a2j step 6":{"name":"A2J Step 6","type":"Text","repeating":false,"comment":""},"a2j step 7":{"name":"A2J Step 7","type":"Text","repeating":false,"comment":""},"a2j step 8":{"name":"A2J Step 8","type":"Text","repeating":false,"comment":""},"a2j step 9":{"name":"A2J Step 9","type":"Text","repeating":false,"comment":""},"a2j step 10":{"name":"A2J Step 10","type":"Text","repeating":false,"comment":""},"a2j step 11":{"name":"A2J Step 11","type":"Text","repeating":false,"comment":""},"a2j step 12":{"name":"A2J Step 12","type":"Text","repeating":false,"comment":""}},"pages":{"1-Introduction":{"name":"1-Introduction","type":"A2J","step":0,"repeatVar":"","nested":false,"outerLoopVar":"","text":"<P><FONT>This is the introduction.</FONT></P>","textCitation":"","textAudioURL":"","learn":"","help":"","helpCitation":"","helpMediaLabel":"","helpAudioURL":"","helpReader":"","helpImageURL":"","helpAltText":"","helpVideoURL":"","buttons":[{"label":"Continue","next":"2-Name","url":"","repeatVar":"","repeatVarSet":"","name":"","value":""}],"fields":[{"type":"useravatar","label":"<p>Avatar Selection.</p>\n","name":"User Avatar","value":"","order":"","required":false,"min":"","max":"","calculator":false,"maxChars":"","listSrc":"","listData":"","sample":"","invalidPrompt":""}],"codeBefore":"","codeAfter":"","codeCitation":"","notes":""},"2-Name":{"name":"2-Name","type":"A2J","step":0,"repeatVar":"","nested":false,"outerLoopVar":"","text":"<P><FONT>Enter your name.</FONT></P>","textCitation":"","textAudioURL":"","learn":"","help":"","helpCitation":"","helpMediaLabel":"","helpAudioURL":"","helpReader":"","helpImageURL":"","helpAltText":"","helpVideoURL":"","buttons":[{"label":"Continue","next":"3-Avatar","url":"","repeatVar":"","repeatVarSet":"","name":"","value":""}],"fields":[{"type":"text","label":"First:","name":"Client first name TE","value":"","order":"ASC","required":true,"min":"","max":"","calculator":false,"maxChars":"","listSrc":"","listData":"","sample":"","invalidPrompt":""},{"type":"text","label":"Middle:","name":"Client middle name TE","value":"","order":"ASC","required":false,"min":"","max":"","calculator":false,"maxChars":"","listSrc":"","listData":"","sample":"","invalidPrompt":""},{"type":"text","label":"Last:","name":"Client last name TE","value":"","order":"ASC","required":true,"min":"","max":"","calculator":false,"maxChars":"","listSrc":"","listData":"","sample":"","invalidPrompt":""}],"codeBefore":"","codeAfter":"","codeCitation":"","notes":""},"3-Avatar":{"name":"3-Avatar","type":"A2J","step":0,"repeatVar":"","nested":false,"outerLoopVar":"","text":"Choose your avatar.","textCitation":"","textAudioURL":"","learn":"","help":"","helpCitation":"","helpMediaLabel":"","helpAudioURL":"","helpReader":"","helpImageURL":"","helpAltText":"","helpVideoURL":"","buttons":[{"label":"Continue","next":"1-Question 1","url":"","repeatVar":"","repeatVarSet":"","name":"","value":""}],"fields":[{"type":"useravatar","label":"Avatar:","name":"User Avatar","value":"","order":"","required":false,"min":"","max":"","calculator":false,"maxChars":"","listSrc":"","listData":"","sample":"","invalidPrompt":""}],"codeBefore":"","codeAfter":"","codeCitation":"","notes":""},"1-Question 1":{"name":"1-Question 1","type":"A2J","step":1,"repeatVar":"","nested":false,"outerLoopVar":"","text":"<P><FONT>Text of my first question goes here.</FONT></P>","textCitation":"","textAudioURL":"","learn":"","help":"","helpCitation":"","helpMediaLabel":"","helpAudioURL":"","helpReader":"","helpImageURL":"","helpAltText":"","helpVideoURL":"","buttons":[{"label":"Save","next":"SUCCESS","url":"","repeatVar":"","repeatVarSet":"","name":"","value":""}],"fields":[],"codeBefore":"","codeAfter":"","codeCitation":"","notes":""}}}