{"authorId":11,"tool":"A2J","toolversion":"2012-04-19","avatar":"avatar1","avatarSkinTone":"","avatarHairColor":"","guideGender":"Female","completionTime":"","copyrights":"","createdate":"","credits":"","description":"This A2J Guided Interview was created as a demo for use with the A2J Viewer.","emailContact":"","jurisdiction":"Jurisdiction of my interview","language":"en","modifydate":"","notes":"7/6/2017 interview created.","sendfeedback":false,"subjectarea":"Jurisdiction of my interview","title":"Demo A2J Guided Interview","version":"7/6/2017","viewer":"A2J","endImage":"","logoImage":"","authors":[],"firstPage":"1-Introduction","exitPage":"","steps":[{"number":"0","text":"ACCESS TO JUSTICE"},{"number":"1","text":"YOUR INFORMATION"},{"number":"2","text":"GET DOCUMENT"}],"vars":{"user gender":{"name":"User Gender","type":"MC","repeating":false,"comment":"User's gender will be used to display appopriate avatar."},"user avatar":{"name":"User Avatar","type":"Text","repeating":false,"comment":""},"client first name te":{"name":"Client first name TE","type":"Text","repeating":false,"comment":""},"client middle name te":{"name":"Client middle name TE","type":"Text","repeating":false,"comment":""},"client last name te":{"name":"Client last name TE","type":"Text","repeating":false,"comment":""},"a2j version":{"name":"A2J Version","type":"Text","repeating":false,"comment":"A2J Author Version"},"a2j interview id":{"name":"A2J Interview ID","type":"Text","repeating":false,"comment":"Guide ID"},"a2j bookmark":{"name":"A2J Bookmark","type":"Text","repeating":false,"comment":"Current Page"},"a2j history":{"name":"A2J History","type":"Text","repeating":false,"comment":"Progress History List (XML)"},"a2j navigation tf":{"name":"A2J Navigation TF","type":"TF","repeating":false,"comment":"Allow navigation?"},"a2j interview incomplete tf":{"name":"A2J Interview Incomplete TF","type":"TF","repeating":false,"comment":"Reached Successful Exit?"},"a2j step 0":{"name":"A2J Step 0","type":"Text","repeating":false,"comment":""},"a2j step 1":{"name":"A2J Step 1","type":"Text","repeating":false,"comment":""},"a2j step 2":{"name":"A2J Step 2","type":"Text","repeating":false,"comment":""},"a2j step 3":{"name":"A2J Step 3","type":"Text","repeating":false,"comment":""},"a2j step 4":{"name":"A2J Step 4","type":"Text","repeating":false,"comment":""},"a2j step 5":{"name":"A2J Step 5","type":"Text","repeating":false,"comment":""},"a2j step 6":{"name":"A2J Step 6","type":"Text","repeating":false,"comment":""},"a2j step 7":{"name":"A2J Step 7","type":"Text","repeating":false,"comment":""},"a2j step 8":{"name":"A2J Step 8","type":"Text","repeating":false,"comment":""},"a2j step 9":{"name":"A2J Step 9","type":"Text","repeating":false,"comment":""},"a2j step 10":{"name":"A2J Step 10","type":"Text","repeating":false,"comment":""},"a2j step 11":{"name":"A2J Step 11","type":"Text","repeating":false,"comment":""},"a2j step 12":{"name":"A2J Step 12","type":"Text","repeating":false,"comment":""},"text pick te":{"name":"Text pick TE","type":"Text","repeating":false,"comment":""}},"pages":{"1-Introduction":{"name":"1-Introduction","type":"A2J","step":0,"repeatVar":"","nested":false,"outerLoopVar":"","text":"<P><FONT>This is the introduction.</FONT></P>","textCitation":"","textAudioURL":"","learn":"","help":"","helpCitation":"","helpAudioURL":"","helpReader":"","helpImageURL":"","helpVideoURL":"","buttons":[{"label":"Continue","next":"1-Name","url":"","repeatVar":"","repeatVarSet":"","name":"","value":""}],"fields":[],"codeBefore":"","codeAfter":"","codeCitation":"","notes":""},"1-Name":{"name":"1-Name","type":"A2J","step":1,"repeatVar":"","nested":false,"outerLoopVar":"","text":"<P><FONT>Enter your name.</FONT></P>","textCitation":"","textAudioURL":"","learn":"","help":"","helpCitation":"","helpAudioURL":"","helpReader":"","helpImageURL":"","helpVideoURL":"","buttons":[{"label":"Continue","next":"2-Gender","url":"","repeatVar":"","repeatVarSet":"","name":"","value":""}],"fields":[{"type":"text","label":"First:","name":"Client first name TE","value":"","order":"ASC","required":true,"min":"","max":"","calculator":false,"maxChars":"","listSrc":"","listData":"","sample":"","invalidPrompt":"You must type a response in the highlighted space before you can continue."},{"type":"text","label":"Middle:","name":"Client middle name TE","value":"","order":"ASC","required":false,"min":"","max":"","calculator":false,"maxChars":"","listSrc":"","listData":"","sample":"","invalidPrompt":"You must type a response in the highlighted space before you can continue."},{"type":"text","label":"Last:","name":"Client last name TE","value":"","order":"ASC","required":true,"min":"","max":"","calculator":false,"maxChars":"","listSrc":"","listData":"","sample":"","invalidPrompt":"You must type a response in the highlighted space before you can continue."}],"codeBefore":"","codeAfter":"","codeCitation":"","notes":""},"2-Gender":{"name":"2-Gender","type":"A2J","step":1,"repeatVar":"","nested":false,"outerLoopVar":"","text":"Choose your gender.","textCitation":"","textAudioURL":"","learn":"","help":"","helpCitation":"","helpAudioURL":"","helpReader":"","helpImageURL":"","helpVideoURL":"","buttons":[{"label":"Continue","next":"3-Sample text screen","url":"","repeatVar":"","repeatVarSet":"","name":"","value":""}],"fields":[{"type":"gender","label":"Gender:","name":"User Gender","value":"","order":"","required":true,"min":"","max":"","calculator":false,"maxChars":"","listSrc":"","listData":"","sample":"","invalidPrompt":""}],"codeBefore":"","codeAfter":"","codeCitation":"","notes":""},"Final screen":{"name":"Final screen","type":"A2J","step":2,"repeatVar":"","nested":false,"outerLoopVar":"","text":"<P>Click Get My Document to generate your forms or process your information. </P>","textCitation":"","textAudioURL":"","learn":"","help":"<P><BR/></P>","helpCitation":"","helpAudioURL":"","helpReader":"<P><BR/></P>","helpImageURL":"","helpVideoURL":"","buttons":[{"label":"Post Answers to Server","next":"SUCCESS","url":"","repeatVar":"","repeatVarSet":"","name":"","value":""},{"label":"Generate Doc from A2J DAT template","next":"ASSEMBLE","url":"","repeatVar":"","repeatVarSet":"","name":"","value":""},{"label":"Save Answers","next":"EXIT","url":"","repeatVar":"","repeatVarSet":"","name":"","value":""}],"fields":[],"codeBefore":"","codeAfter":"","codeCitation":"","notes":"<P><BR/></P>"},"3-Sample text screen":{"name":"3-Sample text screen","type":"A2J","step":1,"repeatVar":"","nested":false,"outerLoopVar":"","text":"<P>Text of my first question goes here, for example:</P><P>What is your favorite color?</P>","textCitation":"<P><BR/></P>","textAudioURL":"","learn":"","help":"<P><BR/></P>","helpCitation":"<P><BR/></P>","helpAudioURL":"","helpReader":"<P><BR/></P>","helpImageURL":"","helpVideoURL":"","buttons":[{"label":"Continue","next":"Final screen","url":"","repeatVar":"","repeatVarSet":"","name":"","value":""}],"fields":[{"type":"textpick","label":"<P><BR/></P>","name":"Text pick TE","value":"","order":"","required":false,"min":"","max":"","calculator":false,"maxChars":"","listSrc":"","listData":"<option>Red</option><option>Orange</option><option>Yellow</option><option>Green</option><option>Blue</option><option>Indigo</option><option>Violet</option><option>Pink</option><option>White</option><option>Black</option>","sample":"","invalidPrompt":"<P><BR/></P>"}],"codeBefore":"","codeAfter":"","codeCitation":"<P><BR/></P>","notes":"<P><BR/></P>"}}}