{
	"guideId": "4309",
	"title": "Untitled Template",
	"active": "true",
	"header": "",
	"hideHeaderOnFirstPage": "false",
	"footer": "",
	"hideFooterOnFirstPage": "false",
	"rootNode": {
		"tag": "a2j-template",
		"id": "cj4sxadn500003das4l0m3bmj",
		"children": [
			{
				"tag": "a2j-rich-text",
				"id": "cj4sxaf1i00013dasad0fe7ox",
				"state": {
					"userContent": "<p>This shows the template works.&nbsp;</p>\n\n<p>&nbsp;</p>\n\n<p>You said your name was &nbsp;<a2j-variable name=\"Client first name TE\"></a2j-variable></p>\n",
					"notes": ""
				}
			}
		]
	},
	"createdAt": "1499375267275",
	"templateId": 42,
	"updatedAt": 1499375289179
}